income_change_by_income_category_universe_adult_leavers_with_income_information_at_start_and_exit,had_income_category_at_start_and_did_not_have_it_at_exit,retained_income_category_but_had_less_at_exit_than_at_start,retained_income_category_and_same_at_exit_as_at_start,retained_income_category_and_increased_at_exit,did_not_have_the_income_category_at_start_and_gained_the_income_category_at_exit,did_not_have_the_income_category_at_start_or_at_exit,total_adults_including_those_with_no_income,performance_measure_adults_who_gained_or_increased_income_from_start_to_exit,average_gain,performance_measure_percent_of_persons_who_accomplished_this_measure,population,start_date,end_date,question
"Number of Adults with Earned Income (ie.e, Employment Income)",0,0,40,3,0,88,135,3,0.02,NA,all_persons,2014-11-01,2014-11-30,Q19a2
Average Change in Earned Income,0,0,0,800,0,0,0,800,0,NA,all_persons,2014-11-01,2014-11-30,Q19a2
Number of Adults with Other Income,0,0,32,0,0,102,135,0,0,NA,all_persons,2014-11-01,2014-11-30,Q19a2
Average Change in Other Income,0,0,0,0,0,0,0,0,0,NA,all_persons,2014-11-01,2014-11-30,Q19a2
"Number of Adults with Any Income (i.e., Total Income)",0,0,64,3,0,63,135,3,0.02,NA,all_persons,2014-11-01,2014-11-30,Q19a2
Average Change in Overall Income,0,0,0,800,0,0,33,800,0,NA,all_persons,2014-11-01,2014-11-30,Q19a2
"Number of Adults with Earned Income (ie.e, Employment Income)",2,2,35,1,1,89,134,2,0.01,NA,all_persons,2014-12-01,2014-12-31,Q19a2
Average Change in Earned Income,-1194,-996.5,0,215,885,0,0,550,0,NA,all_persons,2014-12-01,2014-12-31,Q19a2
Number of Adults with Other Income,0,0,38,2,0,90,134,2,0.01,NA,all_persons,2014-12-01,2014-12-31,Q19a2
Average Change in Other Income,0,0,0,852.5,0,0,0,852.5,0,NA,all_persons,2014-12-01,2014-12-31,Q19a2
"Number of Adults with Any Income (i.e., Total Income)",2,2,66,4,0,52,134,4,0.03,NA,all_persons,2014-12-01,2014-12-31,Q19a2
Average Change in Overall Income,-1194,-996.5,0,701.25,0,0,0,701.25,0,NA,all_persons,2014-12-01,2014-12-31,Q19a2
"Number of Adults with Earned Income (ie.e, Employment Income)",1,0,32,1,3,102,141,4,0.03,NA,all_persons,2015-01-01,2015-01-31,Q19a2
Average Change in Earned Income,-700,0,0,1600,1207,0,0,1305.25,0,NA,all_persons,2015-01-01,2015-01-31,Q19a2
Number of Adults with Other Income,2,0,34,0,0,104,141,0,0,NA,all_persons,2015-01-01,2015-01-31,Q19a2
Average Change in Other Income,-349.5,0,0,0,0,0,0,0,0,NA,all_persons,2015-01-01,2015-01-31,Q19a2
"Number of Adults with Any Income (i.e., Total Income)",2,0,63,1,3,68,141,4,0.03,NA,all_persons,2015-01-01,2015-01-31,Q19a2
Average Change in Overall Income,-500,0,0,1201,1207,0,34,1205.5,0,NA,all_persons,2015-01-01,2015-01-31,Q19a2
"Number of Adults with Earned Income (ie.e, Employment Income)",0,0,29,1,4,97,133,5,0.04,NA,all_persons,2015-02-01,2015-02-28,Q19a2
Average Change in Earned Income,0,0,0,853,1850.25,0,0,1650.8,0,NA,all_persons,2015-02-01,2015-02-28,Q19a2
Number of Adults with Other Income,0,1,36,0,0,95,133,0,0,NA,all_persons,2015-02-01,2015-02-28,Q19a2
Average Change in Other Income,0,-622,0,0,0,0,0,0,0,NA,all_persons,2015-02-01,2015-02-28,Q19a2
"Number of Adults with Any Income (i.e., Total Income)",0,1,63,1,4,62,133,5,0.04,NA,all_persons,2015-02-01,2015-02-28,Q19a2
Average Change in Overall Income,0,-622,0,853,1850.25,0,69,1650.8,0,NA,all_persons,2015-02-01,2015-02-28,Q19a2
"Number of Adults with Earned Income (ie.e, Employment Income)",1,2,26,2,3,95,133,5,0.04,NA,all_persons,2015-03-01,2015-03-31,Q19a2
Average Change in Earned Income,-1733,-1366.5,0,938.5,2723,0,0,2009.2,0,NA,all_persons,2015-03-01,2015-03-31,Q19a2
Number of Adults with Other Income,2,1,26,1,2,98,133,3,0.02,NA,all_persons,2015-03-01,2015-03-31,Q19a2
Average Change in Other Income,-1173.5,-600,0,25,721.5,0,0,489.33,0,NA,all_persons,2015-03-01,2015-03-31,Q19a2
"Number of Adults with Any Income (i.e., Total Income)",1,3,48,2,4,69,133,6,0.05,NA,all_persons,2015-03-01,2015-03-31,Q19a2
Average Change in Overall Income,-1636,-1339.67,0,1083,2330.75,0,30,1914.83,0,NA,all_persons,2015-03-01,2015-03-31,Q19a2
"Number of Adults with Earned Income (ie.e, Employment Income)",2,1,27,2,0,105,138,2,0.01,NA,all_persons,2015-04-01,2015-04-30,Q19a2
Average Change in Earned Income,-1803.5,-1516,0,935,0,0,0,935,0,NA,all_persons,2015-04-01,2015-04-30,Q19a2
Number of Adults with Other Income,0,0,34,0,1,100,138,1,0.01,NA,all_persons,2015-04-01,2015-04-30,Q19a2
Average Change in Other Income,0,0,0,0,500,0,0,500,0,NA,all_persons,2015-04-01,2015-04-30,Q19a2
"Number of Adults with Any Income (i.e., Total Income)",2,1,60,3,0,67,138,3,0.02,NA,all_persons,2015-04-01,2015-04-30,Q19a2
Average Change in Overall Income,-1803.5,-1516,0,790,0,0,0,790,0,NA,all_persons,2015-04-01,2015-04-30,Q19a2
"Number of Adults with Earned Income (ie.e, Employment Income)",0,0,13,1,1,37,56,3,0.05,NA,all_persons,2015-05-01,2015-05-31,Q19a2
Average Change in Earned Income,0,0,0,419,1906,0,0,1129,0,NA,all_persons,2015-05-01,2015-05-31,Q19a2
Number of Adults with Other Income,1,1,16,0,2,35,56,2,0.04,NA,all_persons,2015-05-01,2015-05-31,Q19a2
Average Change in Other Income,-140,-367,0,0,521.5,0,0,521.5,0,NA,all_persons,2015-05-01,2015-05-31,Q19a2
"Number of Adults with Any Income (i.e., Total Income)",1,1,26,1,2,20,56,4,0.07,NA,all_persons,2015-05-01,2015-05-31,Q19a2
Average Change in Overall Income,-140,-367,0,419,1399.5,0,100,1107.5,0,NA,all_persons,2015-05-01,2015-05-31,Q19a2
"Number of Adults with Earned Income (ie.e, Employment Income)",0,2,33,4,3,71,117,8,0.07,NA,all_persons,2015-06-01,2015-06-30,Q19a2
Average Change in Earned Income,0,-1101,0,576.5,1014,0,0,768.25,0,NA,all_persons,2015-06-01,2015-06-30,Q19a2
Number of Adults with Other Income,0,0,30,2,0,80,117,2,0.02,NA,all_persons,2015-06-01,2015-06-30,Q19a2
Average Change in Other Income,0,0,0,583,0,0,0,583,0,NA,all_persons,2015-06-01,2015-06-30,Q19a2
"Number of Adults with Any Income (i.e., Total Income)",0,2,60,6,1,39,117,9,0.08,NA,all_persons,2015-06-01,2015-06-30,Q19a2
Average Change in Overall Income,0,-1101,0,745.33,950,0,46,812.44,0,NA,all_persons,2015-06-01,2015-06-30,Q19a2
"Number of Adults with Earned Income (ie.e, Employment Income)",1,1,24,5,3,56,96,8,0.08,NA,all_persons,2015-07-01,2015-07-31,Q19a2
Average Change in Earned Income,-1473,-218,0,659.6,1390,0,0,933.5,0,NA,all_persons,2015-07-01,2015-07-31,Q19a2
Number of Adults with Other Income,0,1,25,0,0,67,96,0,0,NA,all_persons,2015-07-01,2015-07-31,Q19a2
Average Change in Other Income,0,-320,0,0,0,0,0,0,0,NA,all_persons,2015-07-01,2015-07-31,Q19a2
"Number of Adults with Any Income (i.e., Total Income)",1,1,44,6,2,34,96,8,0.08,NA,all_persons,2015-07-01,2015-07-31,Q19a2
Average Change in Overall Income,-1473,-538,0,1180.33,1225,0,78,1191.5,0,NA,all_persons,2015-07-01,2015-07-31,Q19a2
"Number of Adults with Earned Income (ie.e, Employment Income)",1,1,20,0,1,19,43,1,0.02,NA,all_persons,2015-08-01,2015-08-31,Q19a2
Average Change in Earned Income,-800,-612,0,0,550,0,0,550,0,NA,all_persons,2015-08-01,2015-08-31,Q19a2
Number of Adults with Other Income,0,0,9,0,1,33,43,1,0.02,NA,all_persons,2015-08-01,2015-08-31,Q19a2
Average Change in Other Income,0,0,0,0,733,0,0,733,0,NA,all_persons,2015-08-01,2015-08-31,Q19a2
"Number of Adults with Any Income (i.e., Total Income)",1,1,26,0,1,13,43,1,0.02,NA,all_persons,2015-08-01,2015-08-31,Q19a2
Average Change in Overall Income,-800,-612,0,0,1283,0,0,1283,0,NA,all_persons,2015-08-01,2015-08-31,Q19a2
"Number of Adults with Earned Income (ie.e, Employment Income)",0,0,35,1,3,43,87,5,0.06,NA,all_persons,2015-09-01,2015-09-30,Q19a2
Average Change in Earned Income,0,0,0,953,1177.67,0,0,1087.2,0,NA,all_persons,2015-09-01,2015-09-30,Q19a2
Number of Adults with Other Income,1,0,17,2,0,64,87,2,0.02,NA,all_persons,2015-09-01,2015-09-30,Q19a2
Average Change in Other Income,-866,0,0,616,0,0,0,616,0,NA,all_persons,2015-09-01,2015-09-30,Q19a2
"Number of Adults with Any Income (i.e., Total Income)",0,0,46,3,3,28,87,7,0.08,NA,all_persons,2015-09-01,2015-09-30,Q19a2
Average Change in Overall Income,0,0,0,728.33,1177.67,0,70,952.57,0,NA,all_persons,2015-09-01,2015-09-30,Q19a2
"Number of Adults with Earned Income (ie.e, Employment Income)",0,0,34,2,3,47,93,6,0.06,NA,all_persons,2015-10-01,2015-10-31,Q19a2
Average Change in Earned Income,0,0,0,1548.5,877.67,0,0,1210.83,0,NA,all_persons,2015-10-01,2015-10-31,Q19a2
Number of Adults with Other Income,0,0,23,0,0,69,93,0,0,NA,all_persons,2015-10-01,2015-10-31,Q19a2
Average Change in Other Income,0,0,0,0,0,0,0,0,0,NA,all_persons,2015-10-01,2015-10-31,Q19a2
"Number of Adults with Any Income (i.e., Total Income)",0,0,52,2,3,29,93,6,0.06,NA,all_persons,2015-10-01,2015-10-31,Q19a2
Average Change in Overall Income,0,0,0,1548.5,877.67,0,89,1210.83,0,NA,all_persons,2015-10-01,2015-10-31,Q19a2
"Number of Adults with Earned Income (ie.e, Employment Income)",0,0,32,0,1,53,92,2,0.02,NA,all_persons,2015-11-01,2015-11-30,Q19a2
Average Change in Earned Income,0,0,0,0,1678,0,0,1405.5,0,NA,all_persons,2015-11-01,2015-11-30,Q19a2
Number of Adults with Other Income,0,0,26,0,1,63,92,2,0.02,NA,all_persons,2015-11-01,2015-11-30,Q19a2
Average Change in Other Income,0,0,0,0,764,0,0,441,0,NA,all_persons,2015-11-01,2015-11-30,Q19a2
"Number of Adults with Any Income (i.e., Total Income)",0,0,54,0,2,29,92,4,0.04,NA,all_persons,2015-11-01,2015-11-30,Q19a2
Average Change in Overall Income,0,0,0,0,1221,0,46,923.25,0,NA,all_persons,2015-11-01,2015-11-30,Q19a2
"Number of Adults with Earned Income (ie.e, Employment Income)",1,0,40,4,6,59,115,11,0.1,NA,all_persons,2015-12-01,2015-12-31,Q19a2
Average Change in Earned Income,-1000,0,0,971,1447.5,0,0,1233.55,0,NA,all_persons,2015-12-01,2015-12-31,Q19a2
Number of Adults with Other Income,0,0,29,1,1,83,115,2,0.02,NA,all_persons,2015-12-01,2015-12-31,Q19a2
Average Change in Other Income,0,0,0,745,488,0,0,616.5,0,NA,all_persons,2015-12-01,2015-12-31,Q19a2
"Number of Adults with Any Income (i.e., Total Income)",0,0,60,6,7,36,115,14,0.12,NA,all_persons,2015-12-01,2015-12-31,Q19a2
Average Change in Overall Income,0,0,0,838.17,1310.43,0,123,1085.86,0,NA,all_persons,2015-12-01,2015-12-31,Q19a2
"Number of Adults with Earned Income (ie.e, Employment Income)",0,0,34,1,4,58,99,5,0.05,NA,all_persons,2016-01-01,2016-01-31,Q19a2
Average Change in Earned Income,0,0,0,635,1318.75,0,0,1182,0,NA,all_persons,2016-01-01,2016-01-31,Q19a2
Number of Adults with Other Income,0,0,17,0,0,82,99,0,0,NA,all_persons,2016-01-01,2016-01-31,Q19a2
Average Change in Other Income,0,0,0,0,0,0,0,0,0,NA,all_persons,2016-01-01,2016-01-31,Q19a2
"Number of Adults with Any Income (i.e., Total Income)",0,0,51,1,4,41,99,5,0.05,NA,all_persons,2016-01-01,2016-01-31,Q19a2
Average Change in Overall Income,0,0,0,635,1318.75,0,79,1182,0,NA,all_persons,2016-01-01,2016-01-31,Q19a2
"Number of Adults with Earned Income (ie.e, Employment Income)",0,1,54,2,0,65,127,2,0.02,NA,all_persons,2016-02-01,2016-02-29,Q19a2
Average Change in Earned Income,0,-540,0,1365.5,0,0,0,1365.5,0,NA,all_persons,2016-02-01,2016-02-29,Q19a2
Number of Adults with Other Income,0,0,24,1,0,100,127,1,0.01,NA,all_persons,2016-02-01,2016-02-29,Q19a2
Average Change in Other Income,0,0,0,733,0,0,0,733,0,NA,all_persons,2016-02-01,2016-02-29,Q19a2
"Number of Adults with Any Income (i.e., Total Income)",0,1,71,3,0,45,127,3,0.02,NA,all_persons,2016-02-01,2016-02-29,Q19a2
Average Change in Overall Income,0,-540,0,1154.67,0,0,23,1154.67,0,NA,all_persons,2016-02-01,2016-02-29,Q19a2
"Number of Adults with Earned Income (ie.e, Employment Income)",0,1,30,4,2,80,119,6,0.05,NA,all_persons,2016-03-01,2016-03-31,Q19a2
Average Change in Earned Income,0,-229,0,1192,1541.5,0,0,1308.5,0,NA,all_persons,2016-03-01,2016-03-31,Q19a2
Number of Adults with Other Income,0,0,28,0,1,89,119,1,0.01,NA,all_persons,2016-03-01,2016-03-31,Q19a2
Average Change in Other Income,0,0,0,0,660,0,0,660,0,NA,all_persons,2016-03-01,2016-03-31,Q19a2
"Number of Adults with Any Income (i.e., Total Income)",0,1,53,4,3,55,119,7,0.06,NA,all_persons,2016-03-01,2016-03-31,Q19a2
Average Change in Overall Income,0,-229,0,1192,1247.67,0,69,1215.86,0,NA,all_persons,2016-03-01,2016-03-31,Q19a2
"Number of Adults with Earned Income (ie.e, Employment Income)",1,1,22,0,5,54,84,5,0.06,NA,all_persons,2016-04-01,2016-04-30,Q19a2
Average Change in Earned Income,-680,-74,0,0,903.2,0,0,903.2,0,NA,all_persons,2016-04-01,2016-04-30,Q19a2
Number of Adults with Other Income,1,0,15,1,2,61,84,3,0.04,NA,all_persons,2016-04-01,2016-04-30,Q19a2
Average Change in Other Income,-1179,0,0,50,210,0,0,156.67,0,NA,all_persons,2016-04-01,2016-04-30,Q19a2
"Number of Adults with Any Income (i.e., Total Income)",1,2,33,1,7,35,84,8,0.1,NA,all_persons,2016-04-01,2016-04-30,Q19a2
Average Change in Overall Income,-680,-626.5,0,50,705.14,0,50,623.25,0,NA,all_persons,2016-04-01,2016-04-30,Q19a2
"Number of Adults with Earned Income (ie.e, Employment Income)",0,0,34,0,1,44,79,1,0.01,NA,all_persons,2016-05-01,2016-05-31,Q19a2
Average Change in Earned Income,0,0,0,0,1760,0,0,1760,0,NA,all_persons,2016-05-01,2016-05-31,Q19a2
Number of Adults with Other Income,1,0,22,0,0,56,79,0,0,NA,all_persons,2016-05-01,2016-05-31,Q19a2
Average Change in Other Income,-200,0,0,0,0,0,0,0,0,NA,all_persons,2016-05-01,2016-05-31,Q19a2
"Number of Adults with Any Income (i.e., Total Income)",1,0,50,0,1,27,79,1,0.01,NA,all_persons,2016-05-01,2016-05-31,Q19a2
Average Change in Overall Income,-200,0,0,0,1760,0,19,1760,0,NA,all_persons,2016-05-01,2016-05-31,Q19a2
"Number of Adults with Earned Income (ie.e, Employment Income)",0,1,30,0,1,37,72,2,0.03,NA,all_persons,2016-06-01,2016-06-30,Q19a2
Average Change in Earned Income,0,-176,0,0,1200,0,0,1010,0,NA,all_persons,2016-06-01,2016-06-30,Q19a2
Number of Adults with Other Income,0,1,24,0,1,46,72,1,0.01,NA,all_persons,2016-06-01,2016-06-30,Q19a2
Average Change in Other Income,0,-638,0,0,733,0,0,733,0,NA,all_persons,2016-06-01,2016-06-30,Q19a2
"Number of Adults with Any Income (i.e., Total Income)",0,2,45,0,2,20,72,3,0.04,NA,all_persons,2016-06-01,2016-06-30,Q19a2
Average Change in Overall Income,0,-407,0,0,966.5,0,26,917.67,0,NA,all_persons,2016-06-01,2016-06-30,Q19a2
"Number of Adults with Earned Income (ie.e, Employment Income)",0,0,19,4,2,26,54,6,0.11,NA,all_persons,2016-07-01,2016-07-31,Q19a2
Average Change in Earned Income,0,0,0,1651.75,1000,0,0,1434.5,0,NA,all_persons,2016-07-01,2016-07-31,Q19a2
Number of Adults with Other Income,0,0,16,0,1,36,54,1,0.02,NA,all_persons,2016-07-01,2016-07-31,Q19a2
Average Change in Other Income,0,0,0,0,130,0,0,130,0,NA,all_persons,2016-07-01,2016-07-31,Q19a2
"Number of Adults with Any Income (i.e., Total Income)",0,0,32,4,2,12,54,6,0.11,NA,all_persons,2016-07-01,2016-07-31,Q19a2
Average Change in Overall Income,0,0,0,1684.25,1000,0,161,1456.17,0,NA,all_persons,2016-07-01,2016-07-31,Q19a2
"Number of Adults with Earned Income (ie.e, Employment Income)",2,0,35,1,3,60,101,4,0.04,NA,all_persons,2016-08-01,2016-08-31,Q19a2
Average Change in Earned Income,-1501,0,0,1733,1826,0,0,1802.75,0,NA,all_persons,2016-08-01,2016-08-31,Q19a2
Number of Adults with Other Income,2,0,29,0,0,70,101,0,0,NA,all_persons,2016-08-01,2016-08-31,Q19a2
Average Change in Other Income,-915,0,0,0,0,0,0,0,0,NA,all_persons,2016-08-01,2016-08-31,Q19a2
"Number of Adults with Any Income (i.e., Total Income)",4,0,58,1,3,35,101,4,0.04,NA,all_persons,2016-08-01,2016-08-31,Q19a2
Average Change in Overall Income,-1208,0,0,1733,1826,0,23,1802.75,0,NA,all_persons,2016-08-01,2016-08-31,Q19a2
"Number of Adults with Earned Income (ie.e, Employment Income)",1,1,51,4,2,66,130,8,0.06,NA,all_persons,2016-09-01,2016-09-30,Q19a2
Average Change in Earned Income,-1400,-800,0,1156.75,1696,0,0,1309.88,0,NA,all_persons,2016-09-01,2016-09-30,Q19a2
Number of Adults with Other Income,0,0,38,1,0,91,130,1,0.01,NA,all_persons,2016-09-01,2016-09-30,Q19a2
Average Change in Other Income,0,0,0,530,0,0,0,530,0,NA,all_persons,2016-09-01,2016-09-30,Q19a2
"Number of Adults with Any Income (i.e., Total Income)",1,1,79,5,2,37,130,9,0.07,NA,all_persons,2016-09-01,2016-09-30,Q19a2
Average Change in Overall Income,-1400,-800,0,1031.4,1696,0,67,1223.22,0,NA,all_persons,2016-09-01,2016-09-30,Q19a2
"Number of Adults with Earned Income (ie.e, Employment Income)",3,0,28,0,1,55,90,1,0.01,NA,all_persons,2016-10-01,2016-10-31,Q19a2
Average Change in Earned Income,-1733.67,0,0,0,400,0,0,400,0,NA,all_persons,2016-10-01,2016-10-31,Q19a2
Number of Adults with Other Income,0,0,25,1,1,63,90,2,0.02,NA,all_persons,2016-10-01,2016-10-31,Q19a2
Average Change in Other Income,0,0,0,875,638,0,0,756.5,0,NA,all_persons,2016-10-01,2016-10-31,Q19a2
"Number of Adults with Any Income (i.e., Total Income)",3,0,45,1,2,36,90,3,0.03,NA,all_persons,2016-10-01,2016-10-31,Q19a2
Average Change in Overall Income,-1733.67,0,0,875,519,0,0,637.67,0,NA,all_persons,2016-10-01,2016-10-31,Q19a2
"Number of Adults with Earned Income (ie.e, Employment Income)",1,0,34,2,1,56,95,3,0.03,NA,all_persons,2016-11-01,2016-11-30,Q19a2
Average Change in Earned Income,-300,0,0,1390,1489,0,0,1423,0,NA,all_persons,2016-11-01,2016-11-30,Q19a2
Number of Adults with Other Income,0,1,24,0,0,70,95,0,0,NA,all_persons,2016-11-01,2016-11-30,Q19a2
Average Change in Other Income,0,-122,0,0,0,0,0,0,0,NA,all_persons,2016-11-01,2016-11-30,Q19a2
"Number of Adults with Any Income (i.e., Total Income)",1,1,55,2,1,34,95,3,0.03,NA,all_persons,2016-11-01,2016-11-30,Q19a2
Average Change in Overall Income,-300,-122,0,1390,1489,0,40,1423,0,NA,all_persons,2016-11-01,2016-11-30,Q19a2
"Number of Adults with Earned Income (ie.e, Employment Income)",2,0,38,0,3,77,124,3,0.02,NA,all_persons,2016-12-01,2016-12-31,Q19a2
Average Change in Earned Income,-1005,0,0,0,822.33,0,0,822.33,0,NA,all_persons,2016-12-01,2016-12-31,Q19a2
Number of Adults with Other Income,1,2,24,1,0,91,124,1,0.01,NA,all_persons,2016-12-01,2016-12-31,Q19a2
Average Change in Other Income,-739,-112.5,0,1154,0,0,0,1154,0,NA,all_persons,2016-12-01,2016-12-31,Q19a2
"Number of Adults with Any Income (i.e., Total Income)",2,3,56,2,2,50,124,4,0.03,NA,all_persons,2016-12-01,2016-12-31,Q19a2
Average Change in Overall Income,-594.5,-595,0,764,1046.5,0,11,905.25,0,NA,all_persons,2016-12-01,2016-12-31,Q19a2
"Number of Adults with Earned Income (ie.e, Employment Income)",0,0,41,1,9,84,141,10,0.07,NA,all_persons,2017-01-01,2017-01-31,Q19a2
Average Change in Earned Income,0,0,0,848,1441.78,0,0,1382.4,0,NA,all_persons,2017-01-01,2017-01-31,Q19a2
Number of Adults with Other Income,0,0,34,0,1,105,141,1,0.01,NA,all_persons,2017-01-01,2017-01-31,Q19a2
Average Change in Other Income,0,0,0,0,1128,0,0,1128,0,NA,all_persons,2017-01-01,2017-01-31,Q19a2
"Number of Adults with Any Income (i.e., Total Income)",0,0,66,4,8,56,141,12,0.09,NA,all_persons,2017-01-01,2017-01-31,Q19a2
Average Change in Overall Income,0,0,0,1528,1305,0,126,1379.33,0,NA,all_persons,2017-01-01,2017-01-31,Q19a2
"Number of Adults with Earned Income (ie.e, Employment Income)",0,1,33,0,0,73,111,0,0,NA,all_persons,2017-02-01,2017-02-28,Q19a2
Average Change in Earned Income,0,-1207,0,0,0,0,0,0,0,NA,all_persons,2017-02-01,2017-02-28,Q19a2
Number of Adults with Other Income,0,0,32,0,0,78,111,0,0,NA,all_persons,2017-02-01,2017-02-28,Q19a2
Average Change in Other Income,0,0,0,0,0,0,0,0,0,NA,all_persons,2017-02-01,2017-02-28,Q19a2
"Number of Adults with Any Income (i.e., Total Income)",0,1,55,0,0,51,111,0,0,NA,all_persons,2017-02-01,2017-02-28,Q19a2
Average Change in Overall Income,0,-1207,0,0,0,0,0,0,0,NA,all_persons,2017-02-01,2017-02-28,Q19a2
"Number of Adults with Earned Income (ie.e, Employment Income)",0,0,33,2,1,79,119,3,0.03,NA,all_persons,2017-03-01,2017-03-31,Q19a2
Average Change in Earned Income,0,0,0,1216.5,805,0,0,1079.33,0,NA,all_persons,2017-03-01,2017-03-31,Q19a2
Number of Adults with Other Income,0,0,30,2,0,85,119,2,0.02,NA,all_persons,2017-03-01,2017-03-31,Q19a2
Average Change in Other Income,0,0,0,159,0,0,0,159,0,NA,all_persons,2017-03-01,2017-03-31,Q19a2
"Number of Adults with Any Income (i.e., Total Income)",0,0,57,5,0,51,119,5,0.04,NA,all_persons,2017-03-01,2017-03-31,Q19a2
Average Change in Overall Income,0,0,0,711.2,0,0,29,711.2,0,NA,all_persons,2017-03-01,2017-03-31,Q19a2
"Number of Adults with Earned Income (ie.e, Employment Income)",0,0,26,0,3,73,103,3,0.03,NA,all_persons,2017-04-01,2017-04-30,Q19a2
Average Change in Earned Income,0,0,0,0,1073.33,0,0,1073.33,0,NA,all_persons,2017-04-01,2017-04-30,Q19a2
Number of Adults with Other Income,0,0,23,1,0,77,103,1,0.01,NA,all_persons,2017-04-01,2017-04-30,Q19a2
Average Change in Other Income,0,0,0,1022,0,0,0,1022,0,NA,all_persons,2017-04-01,2017-04-30,Q19a2
"Number of Adults with Any Income (i.e., Total Income)",0,0,45,2,2,51,103,4,0.04,NA,all_persons,2017-04-01,2017-04-30,Q19a2
Average Change in Overall Income,0,0,0,1121,1000,0,41,1060.5,0,NA,all_persons,2017-04-01,2017-04-30,Q19a2
"Number of Adults with Earned Income (ie.e, Employment Income)",1,0,8,0,0,38,47,0,0,NA,all_persons,2017-05-01,2017-05-31,Q19a2
Average Change in Earned Income,-400,0,0,0,0,0,0,0,0,NA,all_persons,2017-05-01,2017-05-31,Q19a2
Number of Adults with Other Income,0,1,16,1,0,28,47,1,0.02,NA,all_persons,2017-05-01,2017-05-31,Q19a2
Average Change in Other Income,0,-255,0,37,0,0,0,37,0,NA,all_persons,2017-05-01,2017-05-31,Q19a2
"Number of Adults with Any Income (i.e., Total Income)",1,1,23,1,0,20,47,1,0.02,NA,all_persons,2017-05-01,2017-05-31,Q19a2
Average Change in Overall Income,-400,-254,0,37,0,0,0,37,0,NA,all_persons,2017-05-01,2017-05-31,Q19a2
"Number of Adults with Earned Income (ie.e, Employment Income)",0,0,12,1,0,20,34,1,0.03,NA,all_persons,2017-06-01,2017-06-30,Q19a2
Average Change in Earned Income,0,0,0,320,0,0,0,320,0,NA,all_persons,2017-06-01,2017-06-30,Q19a2
Number of Adults with Other Income,0,0,10,0,0,21,34,1,0.03,NA,all_persons,2017-06-01,2017-06-30,Q19a2
Average Change in Other Income,0,0,0,0,0,0,0,750,0,NA,all_persons,2017-06-01,2017-06-30,Q19a2
"Number of Adults with Any Income (i.e., Total Income)",0,0,19,1,0,10,34,2,0.06,NA,all_persons,2017-06-01,2017-06-30,Q19a2
Average Change in Overall Income,0,0,0,320,0,0,122,535,0,NA,all_persons,2017-06-01,2017-06-30,Q19a2
"Number of Adults with Earned Income (ie.e, Employment Income)",2,0,16,0,2,34,55,2,0.04,NA,all_persons,2017-07-01,2017-07-31,Q19a2
Average Change in Earned Income,-1366.5,0,0,0,1063,0,0,1063,0,NA,all_persons,2017-07-01,2017-07-31,Q19a2
Number of Adults with Other Income,0,0,17,1,1,36,55,2,0.04,NA,all_persons,2017-07-01,2017-07-31,Q19a2
Average Change in Other Income,0,0,0,1912,933,0,0,1422.5,0,NA,all_persons,2017-07-01,2017-07-31,Q19a2
"Number of Adults with Any Income (i.e., Total Income)",2,0,29,1,3,19,55,4,0.07,NA,all_persons,2017-07-01,2017-07-31,Q19a2
Average Change in Overall Income,-1366.5,0,0,1912,1019.67,0,40,1242.75,0,NA,all_persons,2017-07-01,2017-07-31,Q19a2
"Number of Adults with Earned Income (ie.e, Employment Income)",0,0,33,4,2,51,95,6,0.06,NA,all_persons,2017-08-01,2017-08-31,Q19a2
Average Change in Earned Income,0,0,0,224.75,733.5,0,0,394.33,0,NA,all_persons,2017-08-01,2017-08-31,Q19a2
Number of Adults with Other Income,0,0,24,1,1,66,95,2,0.02,NA,all_persons,2017-08-01,2017-08-31,Q19a2
Average Change in Other Income,0,0,0,937,450,0,0,693.5,0,NA,all_persons,2017-08-01,2017-08-31,Q19a2
"Number of Adults with Any Income (i.e., Total Income)",0,0,50,5,3,29,95,8,0.08,NA,all_persons,2017-08-01,2017-08-31,Q19a2
Average Change in Overall Income,0,0,0,367.2,639,0,55,469.13,0,NA,all_persons,2017-08-01,2017-08-31,Q19a2
"Number of Adults with Earned Income (ie.e, Employment Income)",1,3,38,4,1,56,105,5,0.05,NA,all_persons,2017-09-01,2017-09-30,Q19a2
Average Change in Earned Income,-721,-498.33,0,1175.25,1720,0,0,1284.2,0,NA,all_persons,2017-09-01,2017-09-30,Q19a2
Number of Adults with Other Income,0,0,21,1,4,79,105,5,0.05,NA,all_persons,2017-09-01,2017-09-30,Q19a2
Average Change in Other Income,0,0,0,2810,784,0,0,1189.2,0,NA,all_persons,2017-09-01,2017-09-30,Q19a2
"Number of Adults with Any Income (i.e., Total Income)",0,3,56,6,4,34,105,10,0.1,NA,all_persons,2017-09-01,2017-09-30,Q19a2
Average Change in Overall Income,0,-498.33,0,1253.83,1030.75,0,113,1164.6,0,NA,all_persons,2017-09-01,2017-09-30,Q19a2
"Number of Adults with Earned Income (ie.e, Employment Income)",1,0,18,3,0,35,60,3,0.05,NA,all_persons,2017-10-01,2017-10-31,Q19a2
Average Change in Earned Income,-1100,0,0,1001.33,0,0,0,1001.33,0,NA,all_persons,2017-10-01,2017-10-31,Q19a2
Number of Adults with Other Income,1,2,15,2,1,37,60,3,0.05,NA,all_persons,2017-10-01,2017-10-31,Q19a2
Average Change in Other Income,-300,-240,0,1168,1102,0,0,1146,0,NA,all_persons,2017-10-01,2017-10-31,Q19a2
"Number of Adults with Any Income (i.e., Total Income)",1,1,29,5,1,19,60,6,0.1,NA,all_persons,2017-10-01,2017-10-31,Q19a2
Average Change in Overall Income,-1100,-425,0,997,1102,0,76,1014.5,0,NA,all_persons,2017-10-01,2017-10-31,Q19a2
"Number of Adults with Earned Income (ie.e, Employment Income)",0,0,25,0,1,74,105,1,0.01,NA,all_persons,2017-11-01,2017-11-30,Q19a2
Average Change in Earned Income,0,0,0,0,1175,0,0,1175,0,NA,all_persons,2017-11-01,2017-11-30,Q19a2
Number of Adults with Other Income,0,0,27,0,0,76,105,0,0,NA,all_persons,2017-11-01,2017-11-30,Q19a2
Average Change in Other Income,0,0,0,0,0,0,0,0,0,NA,all_persons,2017-11-01,2017-11-30,Q19a2
"Number of Adults with Any Income (i.e., Total Income)",0,0,49,1,0,48,105,1,0.01,NA,all_persons,2017-11-01,2017-11-30,Q19a2
Average Change in Overall Income,0,0,0,1175,0,0,11,1175,0,NA,all_persons,2017-11-01,2017-11-30,Q19a2
"Number of Adults with Earned Income (ie.e, Employment Income)",1,0,33,0,6,71,113,6,0.05,NA,all_persons,2017-12-01,2017-12-31,Q19a2
Average Change in Earned Income,-520,0,0,0,1230.5,0,0,1230.5,0,NA,all_persons,2017-12-01,2017-12-31,Q19a2
Number of Adults with Other Income,0,0,27,1,1,80,113,2,0.02,NA,all_persons,2017-12-01,2017-12-31,Q19a2
Average Change in Other Income,0,0,0,14,1338,0,0,676,0,NA,all_persons,2017-12-01,2017-12-31,Q19a2
"Number of Adults with Any Income (i.e., Total Income)",0,1,54,5,3,45,113,8,0.07,NA,all_persons,2017-12-01,2017-12-31,Q19a2
Average Change in Overall Income,0,-520,0,753.6,1655.67,0,82,1091.88,0,NA,all_persons,2017-12-01,2017-12-31,Q19a2
"Number of Adults with Earned Income (ie.e, Employment Income)",2,0,22,0,2,51,79,2,0.03,NA,all_persons,2018-01-01,2018-01-31,Q19a2
Average Change in Earned Income,-1431.5,0,0,0,1175,0,0,1175,0,NA,all_persons,2018-01-01,2018-01-31,Q19a2
Number of Adults with Other Income,0,1,15,2,0,59,79,2,0.03,NA,all_persons,2018-01-01,2018-01-31,Q19a2
Average Change in Other Income,0,-131,0,784,0,0,0,784,0,NA,all_persons,2018-01-01,2018-01-31,Q19a2
"Number of Adults with Any Income (i.e., Total Income)",2,1,34,3,1,34,79,4,0.05,NA,all_persons,2018-01-01,2018-01-31,Q19a2
Average Change in Overall Income,-1431.5,-131,0,1139.33,500,0,11,979.5,0,NA,all_persons,2018-01-01,2018-01-31,Q19a2
"Number of Adults with Earned Income (ie.e, Employment Income)",0,0,27,1,2,52,84,3,0.04,NA,all_persons,2018-02-01,2018-02-28,Q19a2
Average Change in Earned Income,0,0,0,418,1275.5,0,0,989.67,0,NA,all_persons,2018-02-01,2018-02-28,Q19a2
Number of Adults with Other Income,0,0,24,0,0,58,84,0,0,NA,all_persons,2018-02-01,2018-02-28,Q19a2
Average Change in Other Income,0,0,0,0,0,0,0,0,0,NA,all_persons,2018-02-01,2018-02-28,Q19a2
"Number of Adults with Any Income (i.e., Total Income)",0,0,45,1,2,32,84,3,0.04,NA,all_persons,2018-02-01,2018-02-28,Q19a2
Average Change in Overall Income,0,0,0,418,1275.5,0,35,989.67,0,NA,all_persons,2018-02-01,2018-02-28,Q19a2
"Number of Adults with Earned Income (ie.e, Employment Income)",0,0,31,0,3,65,104,3,0.03,NA,all_persons,2018-03-01,2018-03-31,Q19a2
Average Change in Earned Income,0,0,0,0,1125,0,0,1125,0,NA,all_persons,2018-03-01,2018-03-31,Q19a2
Number of Adults with Other Income,1,0,28,0,0,75,104,0,0,NA,all_persons,2018-03-01,2018-03-31,Q19a2
Average Change in Other Income,-254,0,0,0,0,0,0,0,0,NA,all_persons,2018-03-01,2018-03-31,Q19a2
"Number of Adults with Any Income (i.e., Total Income)",0,1,53,0,3,41,104,3,0.03,NA,all_persons,2018-03-01,2018-03-31,Q19a2
Average Change in Overall Income,0,-254,0,0,1125,0,60,1125,0,NA,all_persons,2018-03-01,2018-03-31,Q19a2
"Number of Adults with Earned Income (ie.e, Employment Income)",0,0,20,0,3,62,86,3,0.03,NA,all_persons,2018-04-01,2018-04-30,Q19a2
Average Change in Earned Income,0,0,0,0,1323.33,0,0,1323.33,0,NA,all_persons,2018-04-01,2018-04-30,Q19a2
Number of Adults with Other Income,0,0,12,3,0,71,86,3,0.03,NA,all_persons,2018-04-01,2018-04-30,Q19a2
Average Change in Other Income,0,0,0,700.33,0,0,0,700.33,0,NA,all_persons,2018-04-01,2018-04-30,Q19a2
"Number of Adults with Any Income (i.e., Total Income)",0,0,28,4,2,51,86,6,0.07,NA,all_persons,2018-04-01,2018-04-30,Q19a2
Average Change in Overall Income,0,0,0,662.75,1710,0,70,1011.83,0,NA,all_persons,2018-04-01,2018-04-30,Q19a2
"Number of Adults with Earned Income (ie.e, Employment Income)",0,1,41,0,0,35,79,0,0,NA,all_persons,2018-05-01,2018-05-31,Q19a2
Average Change in Earned Income,0,-144,0,0,0,0,0,0,0,NA,all_persons,2018-05-01,2018-05-31,Q19a2
Number of Adults with Other Income,0,0,22,0,1,56,79,1,0.01,NA,all_persons,2018-05-01,2018-05-31,Q19a2
Average Change in Other Income,0,0,0,0,721,0,0,721,0,NA,all_persons,2018-05-01,2018-05-31,Q19a2
"Number of Adults with Any Income (i.e., Total Income)",0,1,55,1,0,20,79,1,0.01,NA,all_persons,2018-05-01,2018-05-31,Q19a2
Average Change in Overall Income,0,-144,0,721,0,0,29,721,0,NA,all_persons,2018-05-01,2018-05-31,Q19a2
"Number of Adults with Earned Income (ie.e, Employment Income)",1,0,26,3,5,62,103,8,0.08,NA,all_persons,2018-06-01,2018-06-30,Q19a2
Average Change in Earned Income,-672,0,0,1706.67,1691.4,0,0,1697.13,0,NA,all_persons,2018-06-01,2018-06-30,Q19a2
Number of Adults with Other Income,1,1,27,3,2,66,103,5,0.05,NA,all_persons,2018-06-01,2018-06-30,Q19a2
Average Change in Other Income,-454,-350,0,386.67,906.5,0,0,594.6,0,NA,all_persons,2018-06-01,2018-06-30,Q19a2
"Number of Adults with Any Income (i.e., Total Income)",1,1,49,7,5,31,103,13,0.13,NA,all_persons,2018-06-01,2018-06-30,Q19a2
Average Change in Overall Income,-454,-350,0,1006,2043.6,0,187,1331.69,0,NA,all_persons,2018-06-01,2018-06-30,Q19a2
"Number of Adults with Earned Income (ie.e, Employment Income)",0,0,17,0,2,17,36,2,0.06,NA,all_persons,2018-07-01,2018-07-31,Q19a2
Average Change in Earned Income,0,0,0,0,1444.5,0,0,1444.5,0,NA,all_persons,2018-07-01,2018-07-31,Q19a2
Number of Adults with Other Income,0,0,10,0,0,26,36,0,0,NA,all_persons,2018-07-01,2018-07-31,Q19a2
Average Change in Other Income,0,0,0,0,0,0,0,0,0,NA,all_persons,2018-07-01,2018-07-31,Q19a2
"Number of Adults with Any Income (i.e., Total Income)",0,0,23,0,2,11,36,2,0.06,NA,all_persons,2018-07-01,2018-07-31,Q19a2
Average Change in Overall Income,0,0,0,0,1444.5,0,80,1444.5,0,NA,all_persons,2018-07-01,2018-07-31,Q19a2
"Number of Adults with Earned Income (ie.e, Employment Income)",0,0,18,3,1,34,57,5,0.09,NA,all_persons,2018-08-01,2018-08-31,Q19a2
Average Change in Earned Income,0,0,0,1075,1794,0,0,1255.8,0,NA,all_persons,2018-08-01,2018-08-31,Q19a2
Number of Adults with Other Income,2,0,22,1,0,31,57,1,0.02,NA,all_persons,2018-08-01,2018-08-31,Q19a2
Average Change in Other Income,-751.5,0,0,1018,0,0,0,1018,0,NA,all_persons,2018-08-01,2018-08-31,Q19a2
"Number of Adults with Any Income (i.e., Total Income)",2,0,35,4,1,13,57,6,0.11,NA,all_persons,2018-08-01,2018-08-31,Q19a2
Average Change in Overall Income,-751.5,0,0,1060.75,1794,0,101,1216.17,0,NA,all_persons,2018-08-01,2018-08-31,Q19a2
"Number of Adults with Earned Income (ie.e, Employment Income)",1,0,9,5,4,23,46,9,0.2,NA,all_persons,2018-09-01,2018-09-30,Q19a2
Average Change in Earned Income,-1300,0,0,1587.6,1301.5,0,0,1460.44,0,NA,all_persons,2018-09-01,2018-09-30,Q19a2
Number of Adults with Other Income,0,0,11,1,2,31,46,3,0.07,NA,all_persons,2018-09-01,2018-09-30,Q19a2
Average Change in Other Income,0,0,0,50,996,0,0,680.67,0,NA,all_persons,2018-09-01,2018-09-30,Q19a2
"Number of Adults with Any Income (i.e., Total Income)",1,0,18,6,5,11,46,11,0.24,NA,all_persons,2018-09-01,2018-09-30,Q19a2
Average Change in Overall Income,-1300,0,0,1578,1143.6,0,318,1380.55,0,NA,all_persons,2018-09-01,2018-09-30,Q19a2
"Number of Adults with Earned Income (ie.e, Employment Income)",1,0,18,3,5,36,64,8,0.13,NA,all_persons,2018-10-01,2018-10-31,Q19a2
Average Change in Earned Income,-1562,0,0,1242.33,1824,0,0,1605.88,0,NA,all_persons,2018-10-01,2018-10-31,Q19a2
Number of Adults with Other Income,0,0,17,0,1,46,64,1,0.02,NA,all_persons,2018-10-01,2018-10-31,Q19a2
Average Change in Other Income,0,0,0,0,779,0,0,779,0,NA,all_persons,2018-10-01,2018-10-31,Q19a2
"Number of Adults with Any Income (i.e., Total Income)",1,0,33,3,6,20,64,9,0.14,NA,all_persons,2018-10-01,2018-10-31,Q19a2
Average Change in Overall Income,-1562,0,0,1242.33,1649.83,0,188,1514,0,NA,all_persons,2018-10-01,2018-10-31,Q19a2
"Number of Adults with Earned Income (ie.e, Employment Income)",0,0,28,3,3,47,85,6,0.07,NA,all_persons,2018-11-01,2018-11-30,Q19a2
Average Change in Earned Income,0,0,0,1008.67,2077.67,0,0,1543.17,0,NA,all_persons,2018-11-01,2018-11-30,Q19a2
Number of Adults with Other Income,0,2,12,1,1,69,85,2,0.02,NA,all_persons,2018-11-01,2018-11-30,Q19a2
Average Change in Other Income,0,-573,0,275,960,0,0,617.5,0,NA,all_persons,2018-11-01,2018-11-30,Q19a2
"Number of Adults with Any Income (i.e., Total Income)",0,2,36,5,2,36,85,7,0.08,NA,all_persons,2018-11-01,2018-11-30,Q19a2
Average Change in Overall Income,0,-573,0,1302.8,1990,0,128,1499.14,0,NA,all_persons,2018-11-01,2018-11-30,Q19a2
"Number of Adults with Earned Income (ie.e, Employment Income)",0,0,30,1,4,128,170,5,0.03,NA,all_persons,2018-12-01,2018-12-31,Q19a2
Average Change in Earned Income,0,0,0,340,1505.25,0,0,1272.2,0,NA,all_persons,2018-12-01,2018-12-31,Q19a2
Number of Adults with Other Income,0,0,50,0,2,116,170,2,0.01,NA,all_persons,2018-12-01,2018-12-31,Q19a2
Average Change in Other Income,0,0,0,0,1074.5,0,0,1074.5,0,NA,all_persons,2018-12-01,2018-12-31,Q19a2
"Number of Adults with Any Income (i.e., Total Income)",0,0,73,1,6,81,170,7,0.04,NA,all_persons,2018-12-01,2018-12-31,Q19a2
Average Change in Overall Income,0,0,0,340,1361.67,0,34,1215.71,0,NA,all_persons,2018-12-01,2018-12-31,Q19a2
"Number of Adults with Earned Income (ie.e, Employment Income)",1,0,75,5,4,127,216,10,0.05,NA,all_persons,2019-01-01,2019-01-31,Q19a2
Average Change in Earned Income,-1106,0,0,1840,1868.5,0,0,1807.4,0,NA,all_persons,2019-01-01,2019-01-31,Q19a2
Number of Adults with Other Income,0,0,61,0,0,155,216,0,0,NA,all_persons,2019-01-01,2019-01-31,Q19a2
Average Change in Other Income,0,0,0,0,0,0,0,0,0,NA,all_persons,2019-01-01,2019-01-31,Q19a2
"Number of Adults with Any Income (i.e., Total Income)",1,0,127,7,2,75,216,10,0.05,NA,all_persons,2019-01-01,2019-01-31,Q19a2
Average Change in Overall Income,-1106,0,0,2050,1162,0,78,1807.4,0,NA,all_persons,2019-01-01,2019-01-31,Q19a2
"Number of Adults with Earned Income (ie.e, Employment Income)",1,1,82,4,1,190,286,6,0.02,NA,all_persons,2019-02-01,2019-02-28,Q19a2
Average Change in Earned Income,-771,-1422,0,1191.25,1560,0,0,1327.5,0,NA,all_persons,2019-02-01,2019-02-28,Q19a2
Number of Adults with Other Income,0,0,70,0,4,208,286,4,0.01,NA,all_persons,2019-02-01,2019-02-28,Q19a2
Average Change in Other Income,0,0,0,0,648.25,0,0,648.25,0,NA,all_persons,2019-02-01,2019-02-28,Q19a2
"Number of Adults with Any Income (i.e., Total Income)",1,1,138,5,3,128,286,9,0.03,NA,all_persons,2019-02-01,2019-02-28,Q19a2
Average Change in Overall Income,-771,-1011,0,1087.2,1023.67,0,31,1127.44,0,NA,all_persons,2019-02-01,2019-02-28,Q19a2
"Number of Adults with Earned Income (ie.e, Employment Income)",1,0,64,6,2,179,258,8,0.03,NA,all_persons,2019-03-01,2019-03-31,Q19a2
Average Change in Earned Income,-578,0,0,973.5,1273.5,0,0,1048.5,0,NA,all_persons,2019-03-01,2019-03-31,Q19a2
Number of Adults with Other Income,0,1,52,6,1,194,258,7,0.03,NA,all_persons,2019-03-01,2019-03-31,Q19a2
Average Change in Other Income,0,-1073,0,684.33,805,0,0,701.57,0,NA,all_persons,2019-03-01,2019-03-31,Q19a2
"Number of Adults with Any Income (i.e., Total Income)",1,1,106,12,3,125,258,15,0.06,NA,all_persons,2019-03-01,2019-03-31,Q19a2
Average Change in Overall Income,-578,-1073,0,828.92,1117.33,0,45,886.6,0,NA,all_persons,2019-03-01,2019-03-31,Q19a2
"Number of Adults with Earned Income (ie.e, Employment Income)",1,0,81,1,1,199,296,2,0.01,NA,all_persons,2019-04-01,2019-04-30,Q19a2
Average Change in Earned Income,-530,0,0,1495,1733,0,0,1614,0,NA,all_persons,2019-04-01,2019-04-30,Q19a2
Number of Adults with Other Income,1,0,69,2,0,220,296,2,0.01,NA,all_persons,2019-04-01,2019-04-30,Q19a2
Average Change in Other Income,-827,0,0,472,0,0,0,472,0,NA,all_persons,2019-04-01,2019-04-30,Q19a2
"Number of Adults with Any Income (i.e., Total Income)",1,0,138,3,2,136,296,5,0.02,NA,all_persons,2019-04-01,2019-04-30,Q19a2
Average Change in Overall Income,-1357,0,0,813,1906.5,0,22,1250.4,0,NA,all_persons,2019-04-01,2019-04-30,Q19a2
"Number of Adults with Earned Income (ie.e, Employment Income)",0,0,55,3,1,180,244,4,0.02,NA,all_persons,2019-05-01,2019-05-31,Q19a2
Average Change in Earned Income,0,0,0,1375.67,1109,0,0,1309,0,NA,all_persons,2019-05-01,2019-05-31,Q19a2
Number of Adults with Other Income,0,0,54,0,1,189,244,1,0,NA,all_persons,2019-05-01,2019-05-31,Q19a2
Average Change in Other Income,0,0,0,0,859,0,0,859,0,NA,all_persons,2019-05-01,2019-05-31,Q19a2
"Number of Adults with Any Income (i.e., Total Income)",0,0,96,3,2,138,244,5,0.02,NA,all_persons,2019-05-01,2019-05-31,Q19a2
Average Change in Overall Income,0,0,0,1375.67,984,0,24,1219,0,NA,all_persons,2019-05-01,2019-05-31,Q19a2
"Number of Adults with Earned Income (ie.e, Employment Income)",1,0,59,2,4,191,267,6,0.02,NA,all_persons,2019-06-01,2019-06-30,Q19a2
Average Change in Earned Income,-737,0,0,2305,1174.5,0,0,1551.33,0,NA,all_persons,2019-06-01,2019-06-30,Q19a2
Number of Adults with Other Income,0,0,52,2,0,211,267,2,0.01,NA,all_persons,2019-06-01,2019-06-30,Q19a2
Average Change in Other Income,0,0,0,793.5,0,0,0,793.5,0,NA,all_persons,2019-06-01,2019-06-30,Q19a2
"Number of Adults with Any Income (i.e., Total Income)",0,1,96,4,3,152,267,7,0.03,NA,all_persons,2019-06-01,2019-06-30,Q19a2
Average Change in Overall Income,0,-737,0,1799.25,1232.67,0,42,1556.43,0,NA,all_persons,2019-06-01,2019-06-30,Q19a2
"Number of Adults with Earned Income (ie.e, Employment Income)",1,0,65,4,0,235,313,4,0.01,NA,all_persons,2019-07-01,2019-07-31,Q19a2
Average Change in Earned Income,-783,0,0,1607,0,0,0,1607,0,NA,all_persons,2019-07-01,2019-07-31,Q19a2
Number of Adults with Other Income,1,1,45,1,0,262,313,1,0,NA,all_persons,2019-07-01,2019-07-31,Q19a2
Average Change in Other Income,-274,-5,0,904,0,0,0,904,0,NA,all_persons,2019-07-01,2019-07-31,Q19a2
"Number of Adults with Any Income (i.e., Total Income)",1,1,98,5,0,198,313,5,0.02,NA,all_persons,2019-07-01,2019-07-31,Q19a2
Average Change in Overall Income,-783,-5,0,1411.6,0,0,23,1411.6,0,NA,all_persons,2019-07-01,2019-07-31,Q19a2
"Number of Adults with Earned Income (ie.e, Employment Income)",0,0,48,6,5,230,302,11,0.04,NA,all_persons,2019-08-01,2019-08-31,Q19a2
Average Change in Earned Income,0,0,0,1917.33,1384,0,0,1674.91,0,NA,all_persons,2019-08-01,2019-08-31,Q19a2
Number of Adults with Other Income,0,0,48,1,2,247,302,3,0.01,NA,all_persons,2019-08-01,2019-08-31,Q19a2
Average Change in Other Income,0,0,0,29,978.5,0,0,662,0,NA,all_persons,2019-08-01,2019-08-31,Q19a2
"Number of Adults with Any Income (i.e., Total Income)",0,0,82,8,5,192,302,13,0.04,NA,all_persons,2019-08-01,2019-08-31,Q19a2
Average Change in Overall Income,0,0,0,1738.75,1300,0,70,1570,0,NA,all_persons,2019-08-01,2019-08-31,Q19a2
"Number of Adults with Earned Income (ie.e, Employment Income)",1,0,58,2,4,211,280,7,0.03,NA,all_persons,2019-09-01,2019-09-30,Q19a2
Average Change in Earned Income,-640,0,0,1133,1684.75,0,0,1457.86,0,NA,all_persons,2019-09-01,2019-09-30,Q19a2
Number of Adults with Other Income,1,0,59,0,1,218,280,1,0,NA,all_persons,2019-09-01,2019-09-30,Q19a2
Average Change in Other Income,-274,0,0,0,1630,0,0,1630,0,NA,all_persons,2019-09-01,2019-09-30,Q19a2
"Number of Adults with Any Income (i.e., Total Income)",2,0,107,2,4,159,280,8,0.03,NA,all_persons,2019-09-01,2019-09-30,Q19a2
Average Change in Overall Income,-457,0,0,1133,1717.25,0,39,1479.38,0,NA,all_persons,2019-09-01,2019-09-30,Q19a2
"Number of Adults with Earned Income (ie.e, Employment Income)",0,1,57,0,2,211,280,2,0.01,NA,all_persons,2019-10-01,2019-10-31,Q19a2
Average Change in Earned Income,0,-800,0,0,754,0,0,754,0,NA,all_persons,2019-10-01,2019-10-31,Q19a2
Number of Adults with Other Income,0,1,51,1,0,223,280,1,0,NA,all_persons,2019-10-01,2019-10-31,Q19a2
Average Change in Other Income,0,-66,0,17,0,0,0,17,0,NA,all_persons,2019-10-01,2019-10-31,Q19a2
"Number of Adults with Any Income (i.e., Total Income)",0,2,100,1,2,164,280,3,0.01,NA,all_persons,2019-10-01,2019-10-31,Q19a2
Average Change in Overall Income,0,-433,0,17,754,0,2,508.33,0,NA,all_persons,2019-10-01,2019-10-31,Q19a2
"Number of Adults with Earned Income (ie.e, Employment Income)",0,0,55,0,5,186,257,5,0.02,NA,all_persons,2019-11-01,2019-11-30,Q19a2
Average Change in Earned Income,0,0,0,0,1966.6,0,0,1966.6,0,NA,all_persons,2019-11-01,2019-11-30,Q19a2
Number of Adults with Other Income,0,0,53,0,0,201,257,0,0,NA,all_persons,2019-11-01,2019-11-30,Q19a2
Average Change in Other Income,0,0,0,0,0,0,0,0,0,NA,all_persons,2019-11-01,2019-11-30,Q19a2
"Number of Adults with Any Income (i.e., Total Income)",0,0,94,1,4,145,257,5,0.02,NA,all_persons,2019-11-01,2019-11-30,Q19a2
Average Change in Overall Income,0,0,0,1194,2159.75,0,32,1966.6,0,NA,all_persons,2019-11-01,2019-11-30,Q19a2
"Number of Adults with Earned Income (ie.e, Employment Income)",0,0,73,0,4,184,272,4,0.01,NA,all_persons,2019-12-01,2019-12-31,Q19a2
Average Change in Earned Income,0,0,0,0,1425,0,0,1425,0,NA,all_persons,2019-12-01,2019-12-31,Q19a2
Number of Adults with Other Income,0,0,54,2,0,212,272,2,0.01,NA,all_persons,2019-12-01,2019-12-31,Q19a2
Average Change in Other Income,0,0,0,410.5,0,0,0,410.5,0,NA,all_persons,2019-12-01,2019-12-31,Q19a2
"Number of Adults with Any Income (i.e., Total Income)",0,0,115,2,4,137,272,6,0.02,NA,all_persons,2019-12-01,2019-12-31,Q19a2
Average Change in Overall Income,0,0,0,410.5,1425,0,23,1086.83,0,NA,all_persons,2019-12-01,2019-12-31,Q19a2
"Number of Adults with Earned Income (ie.e, Employment Income)",0,0,60,1,1,245,313,2,0.01,NA,all_persons,2020-01-01,2020-01-31,Q19a2
Average Change in Earned Income,0,0,0,2478,1677,0,0,2077.5,0,NA,all_persons,2020-01-01,2020-01-31,Q19a2
Number of Adults with Other Income,0,0,63,1,3,242,313,4,0.01,NA,all_persons,2020-01-01,2020-01-31,Q19a2
Average Change in Other Income,0,0,0,296,697.33,0,0,597,0,NA,all_persons,2020-01-01,2020-01-31,Q19a2
"Number of Adults with Any Income (i.e., Total Income)",0,0,108,2,3,190,313,5,0.02,NA,all_persons,2020-01-01,2020-01-31,Q19a2
Average Change in Overall Income,0,0,0,1887,923,0,23,1308.6,0,NA,all_persons,2020-01-01,2020-01-31,Q19a2
"Number of Adults with Earned Income (ie.e, Employment Income)",1,1,59,2,1,204,277,4,0.01,NA,all_persons,2020-02-01,2020-02-29,Q19a2
Average Change in Earned Income,-1700,-75,0,889.5,1100,0,0,1294.75,0,NA,all_persons,2020-02-01,2020-02-29,Q19a2
Number of Adults with Other Income,0,0,59,0,0,213,277,0,0,NA,all_persons,2020-02-01,2020-02-29,Q19a2
Average Change in Other Income,0,0,0,0,0,0,0,0,0,NA,all_persons,2020-02-01,2020-02-29,Q19a2
"Number of Adults with Any Income (i.e., Total Income)",1,1,106,3,0,152,277,4,0.01,NA,all_persons,2020-02-01,2020-02-29,Q19a2
Average Change in Overall Income,-1700,-75,0,959.67,0,0,12,1294.75,0,NA,all_persons,2020-02-01,2020-02-29,Q19a2
"Number of Adults with Earned Income (ie.e, Employment Income)",0,2,45,0,4,188,244,4,0.02,NA,all_persons,2020-03-01,2020-03-31,Q19a2
Average Change in Earned Income,0,-285.5,0,0,2020,0,0,2020,0,NA,all_persons,2020-03-01,2020-03-31,Q19a2
Number of Adults with Other Income,0,0,45,1,0,191,244,1,0,NA,all_persons,2020-03-01,2020-03-31,Q19a2
Average Change in Other Income,0,0,0,280,0,0,0,280,0,NA,all_persons,2020-03-01,2020-03-31,Q19a2
"Number of Adults with Any Income (i.e., Total Income)",0,2,82,1,4,145,244,5,0.02,NA,all_persons,2020-03-01,2020-03-31,Q19a2
Average Change in Overall Income,0,-285.5,0,280,2020,0,31,1672,0,NA,all_persons,2020-03-01,2020-03-31,Q19a2
"Number of Adults with Earned Income (ie.e, Employment Income)",1,2,28,1,1,144,181,2,0.01,NA,all_persons,2020-04-01,2020-04-30,Q19a2
Average Change in Earned Income,-1500,-950,0,208,1668,0,0,938,0,NA,all_persons,2020-04-01,2020-04-30,Q19a2
Number of Adults with Other Income,0,1,33,1,2,140,181,3,0.02,NA,all_persons,2020-04-01,2020-04-30,Q19a2
Average Change in Other Income,0,-300,0,342,608.5,0,0,519.67,0,NA,all_persons,2020-04-01,2020-04-30,Q19a2
"Number of Adults with Any Income (i.e., Total Income)",1,3,55,2,3,109,181,5,0.03,NA,all_persons,2020-04-01,2020-04-30,Q19a2
Average Change in Overall Income,-1500,-733.33,0,275,961.67,0,0,687,0,NA,all_persons,2020-04-01,2020-04-30,Q19a2
"Number of Adults with Earned Income (ie.e, Employment Income)",1,0,29,0,3,152,193,3,0.02,NA,all_persons,2020-05-01,2020-05-31,Q19a2
Average Change in Earned Income,-1138,0,0,0,1794.33,0,0,1794.33,0,NA,all_persons,2020-05-01,2020-05-31,Q19a2
Number of Adults with Other Income,0,0,44,1,0,143,193,1,0.01,NA,all_persons,2020-05-01,2020-05-31,Q19a2
Average Change in Other Income,0,0,0,1769,0,0,0,1769,0,NA,all_persons,2020-05-01,2020-05-31,Q19a2
"Number of Adults with Any Income (i.e., Total Income)",0,1,69,1,3,107,193,4,0.02,NA,all_persons,2020-05-01,2020-05-31,Q19a2
Average Change in Overall Income,0,-1137,0,1769,1794.33,0,31,1788,0,NA,all_persons,2020-05-01,2020-05-31,Q19a2
"Number of Adults with Earned Income (ie.e, Employment Income)",1,0,23,1,0,214,244,2,0.01,NA,all_persons,2020-06-01,2020-06-30,Q19a2
Average Change in Earned Income,-920,0,0,2255,0,0,0,2227.5,0,NA,all_persons,2020-06-01,2020-06-30,Q19a2
Number of Adults with Other Income,0,1,46,1,1,191,244,2,0.01,NA,all_persons,2020-06-01,2020-06-30,Q19a2
Average Change in Other Income,0,-750,0,1926,1516,0,0,1721,0,NA,all_persons,2020-06-01,2020-06-30,Q19a2
"Number of Adults with Any Income (i.e., Total Income)",0,2,64,2,1,166,244,4,0.02,NA,all_persons,2020-06-01,2020-06-30,Q19a2
Average Change in Overall Income,0,-835,0,2090.5,1516,0,30,1974.25,0,NA,all_persons,2020-06-01,2020-06-30,Q19a2
"Number of Adults with Earned Income (ie.e, Employment Income)",0,1,38,0,0,172,216,0,0,NA,all_persons,2020-07-01,2020-07-31,Q19a2
Average Change in Earned Income,0,-1400,0,0,0,0,0,0,0,NA,all_persons,2020-07-01,2020-07-31,Q19a2
Number of Adults with Other Income,0,0,49,0,0,164,216,0,0,NA,all_persons,2020-07-01,2020-07-31,Q19a2
Average Change in Other Income,0,0,0,0,0,0,0,0,0,NA,all_persons,2020-07-01,2020-07-31,Q19a2
"Number of Adults with Any Income (i.e., Total Income)",0,1,84,0,0,124,216,0,0,NA,all_persons,2020-07-01,2020-07-31,Q19a2
Average Change in Overall Income,0,-1400,0,0,0,0,0,0,0,NA,all_persons,2020-07-01,2020-07-31,Q19a2
"Number of Adults with Earned Income (ie.e, Employment Income)",1,0,24,0,1,132,158,1,0.01,NA,all_persons,2020-08-01,2020-08-31,Q19a2
Average Change in Earned Income,-577,0,0,0,1800,0,0,1800,0,NA,all_persons,2020-08-01,2020-08-31,Q19a2
Number of Adults with Other Income,0,0,36,1,0,118,158,1,0.01,NA,all_persons,2020-08-01,2020-08-31,Q19a2
Average Change in Other Income,0,0,0,35,0,0,0,35,0,NA,all_persons,2020-08-01,2020-08-31,Q19a2
"Number of Adults with Any Income (i.e., Total Income)",0,1,53,0,1,100,158,1,0.01,NA,all_persons,2020-08-01,2020-08-31,Q19a2
Average Change in Overall Income,0,-542,0,0,1800,0,7,1800,0,NA,all_persons,2020-08-01,2020-08-31,Q19a2
"Number of Adults with Earned Income (ie.e, Employment Income)",0,1,32,1,1,152,195,2,0.01,NA,all_persons,2020-09-01,2020-09-30,Q19a2
Average Change in Earned Income,0,-1793,0,1342,1516,0,0,1429,0,NA,all_persons,2020-09-01,2020-09-30,Q19a2
Number of Adults with Other Income,1,1,24,1,0,166,195,1,0.01,NA,all_persons,2020-09-01,2020-09-30,Q19a2
Average Change in Other Income,-1342,-23,0,945,0,0,0,945,0,NA,all_persons,2020-09-01,2020-09-30,Q19a2
"Number of Adults with Any Income (i.e., Total Income)",0,2,51,1,1,130,195,2,0.01,NA,all_persons,2020-09-01,2020-09-30,Q19a2
Average Change in Overall Income,0,-908,0,945,1516,0,7,1230.5,0,NA,all_persons,2020-09-01,2020-09-30,Q19a2
"Number of Adults with Earned Income (ie.e, Employment Income)",0,0,21,1,2,156,187,3,0.02,NA,all_persons,2020-10-01,2020-10-31,Q19a2
Average Change in Earned Income,0,0,0,2166,1900,0,0,1988.67,0,NA,all_persons,2020-10-01,2020-10-31,Q19a2
Number of Adults with Other Income,1,0,39,0,1,146,187,1,0.01,NA,all_persons,2020-10-01,2020-10-31,Q19a2
Average Change in Other Income,-393,0,0,0,407,0,0,407,0,NA,all_persons,2020-10-01,2020-10-31,Q19a2
"Number of Adults with Any Income (i.e., Total Income)",1,0,59,1,3,116,187,4,0.02,NA,all_persons,2020-10-01,2020-10-31,Q19a2
Average Change in Overall Income,-393,0,0,2166,1402.33,0,31,1593.25,0,NA,all_persons,2020-10-01,2020-10-31,Q19a2
"Number of Adults with Earned Income (ie.e, Employment Income)",0,0,17,0,0,151,179,0,0,NA,all_persons,2020-11-01,2020-11-30,Q19a2
Average Change in Earned Income,0,0,0,0,0,0,0,0,0,NA,all_persons,2020-11-01,2020-11-30,Q19a2
Number of Adults with Other Income,0,0,31,0,0,147,179,0,0,NA,all_persons,2020-11-01,2020-11-30,Q19a2
Average Change in Other Income,0,0,0,0,0,0,0,0,0,NA,all_persons,2020-11-01,2020-11-30,Q19a2
"Number of Adults with Any Income (i.e., Total Income)",0,0,42,0,0,125,179,0,0,NA,all_persons,2020-11-01,2020-11-30,Q19a2
Average Change in Overall Income,0,0,0,0,0,0,2,0,0,NA,all_persons,2020-11-01,2020-11-30,Q19a2
"Number of Adults with Earned Income (ie.e, Employment Income)",1,0,30,0,3,154,192,4,0.02,NA,all_persons,2020-12-01,2020-12-31,Q19a2
Average Change in Earned Income,-1224,0,0,0,986,0,0,1013.5,0,NA,all_persons,2020-12-01,2020-12-31,Q19a2
Number of Adults with Other Income,0,0,38,2,2,150,192,4,0.02,NA,all_persons,2020-12-01,2020-12-31,Q19a2
Average Change in Other Income,0,0,0,3023.5,358.5,0,0,1691,0,NA,all_persons,2020-12-01,2020-12-31,Q19a2
"Number of Adults with Any Income (i.e., Total Income)",0,0,62,2,4,120,192,7,0.04,NA,all_persons,2020-12-01,2020-12-31,Q19a2
Average Change in Overall Income,0,0,0,2411.5,918.75,0,49,1370.57,0,NA,all_persons,2020-12-01,2020-12-31,Q19a2
"Number of Adults with Earned Income (ie.e, Employment Income)",1,0,32,0,3,165,206,3,0.01,NA,all_persons,2021-01-01,2021-01-31,Q19a2
Average Change in Earned Income,-736,0,0,0,1086.67,0,0,1086.67,0,NA,all_persons,2021-01-01,2021-01-31,Q19a2
Number of Adults with Other Income,0,0,37,0,0,166,206,0,0,NA,all_persons,2021-01-01,2021-01-31,Q19a2
Average Change in Other Income,0,0,0,0,0,0,0,0,0,NA,all_persons,2021-01-01,2021-01-31,Q19a2
"Number of Adults with Any Income (i.e., Total Income)",1,0,64,1,2,130,206,3,0.01,NA,all_persons,2021-01-01,2021-01-31,Q19a2
Average Change in Overall Income,-736,0,0,960,1150,0,12,1086.67,0,NA,all_persons,2021-01-01,2021-01-31,Q19a2
"Number of Adults with Earned Income (ie.e, Employment Income)",0,1,20,1,2,139,171,3,0.02,NA,all_persons,2021-02-01,2021-02-28,Q19a2
Average Change in Earned Income,0,-355,0,2166,1527.5,0,0,1740.33,0,NA,all_persons,2021-02-01,2021-02-28,Q19a2
Number of Adults with Other Income,2,0,34,0,2,131,171,2,0.01,NA,all_persons,2021-02-01,2021-02-28,Q19a2
Average Change in Other Income,-381.5,0,0,0,1546.5,0,0,1546.5,0,NA,all_persons,2021-02-01,2021-02-28,Q19a2
"Number of Adults with Any Income (i.e., Total Income)",1,1,48,2,3,106,171,5,0.03,NA,all_persons,2021-02-01,2021-02-28,Q19a2
Average Change in Overall Income,-663,-100,0,1682.5,1531.33,0,39,1591.8,0,NA,all_persons,2021-02-01,2021-02-28,Q19a2
"Number of Adults with Earned Income (ie.e, Employment Income)",0,0,21,1,4,149,180,5,0.03,NA,all_persons,2021-03-01,2021-03-31,Q19a2
Average Change in Earned Income,0,0,0,2166,1202.5,0,0,1395.2,0,NA,all_persons,2021-03-01,2021-03-31,Q19a2
Number of Adults with Other Income,1,0,43,0,0,135,180,0,0,NA,all_persons,2021-03-01,2021-03-31,Q19a2
Average Change in Other Income,-840,0,0,0,0,0,0,0,0,NA,all_persons,2021-03-01,2021-03-31,Q19a2
"Number of Adults with Any Income (i.e., Total Income)",1,0,57,2,3,111,180,5,0.03,NA,all_persons,2021-03-01,2021-03-31,Q19a2
Average Change in Overall Income,-840,0,0,1983,1003.33,0,40,1395.2,0,NA,all_persons,2021-03-01,2021-03-31,Q19a2
"Number of Adults with Earned Income (ie.e, Employment Income)",0,0,25,0,1,149,184,1,0.01,NA,all_persons,2021-04-01,2021-04-30,Q19a2
Average Change in Earned Income,0,0,0,0,2080,0,0,2080,0,NA,all_persons,2021-04-01,2021-04-30,Q19a2
Number of Adults with Other Income,0,0,39,3,0,137,184,3,0.02,NA,all_persons,2021-04-01,2021-04-30,Q19a2
Average Change in Other Income,0,0,0,568.33,0,0,0,568.33,0,NA,all_persons,2021-04-01,2021-04-30,Q19a2
"Number of Adults with Any Income (i.e., Total Income)",0,0,58,3,1,109,184,4,0.02,NA,all_persons,2021-04-01,2021-04-30,Q19a2
Average Change in Overall Income,0,0,0,568,2080,0,19,946,0,NA,all_persons,2021-04-01,2021-04-30,Q19a2
"Number of Adults with Earned Income (ie.e, Employment Income)",0,0,19,0,2,113,139,2,0.01,NA,all_persons,2021-05-01,2021-05-31,Q19a2
Average Change in Earned Income,0,0,0,0,1112.5,0,0,1112.5,0,NA,all_persons,2021-05-01,2021-05-31,Q19a2
Number of Adults with Other Income,0,0,25,1,0,111,139,1,0.01,NA,all_persons,2021-05-01,2021-05-31,Q19a2
Average Change in Other Income,0,0,0,375,0,0,0,375,0,NA,all_persons,2021-05-01,2021-05-31,Q19a2
"Number of Adults with Any Income (i.e., Total Income)",0,0,38,1,2,91,139,3,0.02,NA,all_persons,2021-05-01,2021-05-31,Q19a2
Average Change in Overall Income,0,0,0,375,1112.5,0,18,866.67,0,NA,all_persons,2021-05-01,2021-05-31,Q19a2
"Number of Adults with Earned Income (ie.e, Employment Income)",0,0,25,1,4,149,192,5,0.03,NA,all_persons,2021-06-01,2021-06-30,Q19a2
Average Change in Earned Income,0,0,0,2900,1347.75,0,0,1658.2,0,NA,all_persons,2021-06-01,2021-06-30,Q19a2
Number of Adults with Other Income,3,1,35,3,0,147,192,3,0.02,NA,all_persons,2021-06-01,2021-06-30,Q19a2
Average Change in Other Income,-804.67,-940,0,785.33,0,0,0,785.33,0,NA,all_persons,2021-06-01,2021-06-30,Q19a2
"Number of Adults with Any Income (i.e., Total Income)",1,1,56,6,2,111,192,8,0.04,NA,all_persons,2021-06-01,2021-06-30,Q19a2
Average Change in Overall Income,-770,-940,0,1002.17,1495,0,37,1125.38,0,NA,all_persons,2021-06-01,2021-06-30,Q19a2
"Number of Adults with Earned Income (ie.e, Employment Income)",0,0,22,0,0,111,141,0,0,NA,all_persons,2021-07-01,2021-07-31,Q19a2
Average Change in Earned Income,0,0,0,0,0,0,0,0,0,NA,all_persons,2021-07-01,2021-07-31,Q19a2
Number of Adults with Other Income,0,0,27,0,2,112,141,2,0.01,NA,all_persons,2021-07-01,2021-07-31,Q19a2
Average Change in Other Income,0,0,0,0,1040,0,0,1040,0,NA,all_persons,2021-07-01,2021-07-31,Q19a2
"Number of Adults with Any Income (i.e., Total Income)",0,0,43,0,2,88,141,2,0.01,NA,all_persons,2021-07-01,2021-07-31,Q19a2
Average Change in Overall Income,0,0,0,0,1040,0,14,1040,0,NA,all_persons,2021-07-01,2021-07-31,Q19a2
"Number of Adults with Earned Income (ie.e, Employment Income)",0,1,28,0,3,182,230,5,0.02,NA,all_persons,2021-08-01,2021-08-31,Q19a2
Average Change in Earned Income,0,-400,0,0,1316,0,0,1456.8,0,NA,all_persons,2021-08-01,2021-08-31,Q19a2
Number of Adults with Other Income,0,0,37,0,0,190,230,0,0,NA,all_persons,2021-08-01,2021-08-31,Q19a2
Average Change in Other Income,0,0,0,0,0,0,0,0,0,NA,all_persons,2021-08-01,2021-08-31,Q19a2
"Number of Adults with Any Income (i.e., Total Income)",0,1,60,1,2,148,230,5,0.02,NA,all_persons,2021-08-01,2021-08-31,Q19a2
Average Change in Overall Income,0,-400,0,794,1577,0,27,1456.8,0,NA,all_persons,2021-08-01,2021-08-31,Q19a2
"Number of Adults with Earned Income (ie.e, Employment Income)",0,0,31,2,1,163,209,4,0.02,NA,all_persons,2021-09-01,2021-09-30,Q19a2
Average Change in Earned Income,0,0,0,1215.5,1600,0,0,1655.25,0,NA,all_persons,2021-09-01,2021-09-30,Q19a2
Number of Adults with Other Income,0,0,35,0,0,170,209,0,0,NA,all_persons,2021-09-01,2021-09-30,Q19a2
Average Change in Other Income,0,0,0,0,0,0,0,0,0,NA,all_persons,2021-09-01,2021-09-30,Q19a2
"Number of Adults with Any Income (i.e., Total Income)",0,0,61,2,1,131,209,4,0.02,NA,all_persons,2021-09-01,2021-09-30,Q19a2
Average Change in Overall Income,0,0,0,1215.5,1600,0,28,1655.25,0,NA,all_persons,2021-09-01,2021-09-30,Q19a2
"Number of Adults with Earned Income (ie.e, Employment Income)",2,0,31,1,4,154,200,6,0.03,NA,all_persons,2021-10-01,2021-10-31,Q19a2
Average Change in Earned Income,-1566.5,0,0,1080,1667,0,0,1416.33,0,NA,all_persons,2021-10-01,2021-10-31,Q19a2
Number of Adults with Other Income,1,0,31,0,0,163,200,0,0,NA,all_persons,2021-10-01,2021-10-31,Q19a2
Average Change in Other Income,-400,0,0,0,0,0,0,0,0,NA,all_persons,2021-10-01,2021-10-31,Q19a2
"Number of Adults with Any Income (i.e., Total Income)",2,0,58,1,4,123,200,6,0.03,NA,all_persons,2021-10-01,2021-10-31,Q19a2
Average Change in Overall Income,-1766.5,0,0,1080,1667,0,24,1416.33,0,NA,all_persons,2021-10-01,2021-10-31,Q19a2
"Number of Adults with Earned Income (ie.e, Employment Income)",0,0,24,1,2,131,166,3,0.02,NA,all_persons,2021-11-01,2021-11-30,Q19a2
Average Change in Earned Income,0,0,0,158,933,0,0,674.67,0,NA,all_persons,2021-11-01,2021-11-30,Q19a2
Number of Adults with Other Income,0,0,24,0,3,133,166,3,0.02,NA,all_persons,2021-11-01,2021-11-30,Q19a2
Average Change in Other Income,0,0,0,0,820.67,0,0,820.67,0,NA,all_persons,2021-11-01,2021-11-30,Q19a2
"Number of Adults with Any Income (i.e., Total Income)",0,0,45,1,4,103,166,5,0.03,NA,all_persons,2021-11-01,2021-11-30,Q19a2
Average Change in Overall Income,0,0,0,158,1082,0,27,897.2,0,NA,all_persons,2021-11-01,2021-11-30,Q19a2
"Number of Adults with Earned Income (ie.e, Employment Income)",0,0,36,1,4,151,195,5,0.03,NA,all_persons,2021-12-01,2021-12-31,Q19a2
Average Change in Earned Income,0,0,0,395,1052.75,0,0,921.2,0,NA,all_persons,2021-12-01,2021-12-31,Q19a2
Number of Adults with Other Income,0,0,39,1,1,152,195,2,0.01,NA,all_persons,2021-12-01,2021-12-31,Q19a2
Average Change in Other Income,0,0,0,271,557,0,0,414,0,NA,all_persons,2021-12-01,2021-12-31,Q19a2
"Number of Adults with Any Income (i.e., Total Income)",0,0,70,3,2,115,195,5,0.03,NA,all_persons,2021-12-01,2021-12-31,Q19a2
Average Change in Overall Income,0,0,0,739.67,1607.5,0,27,1086.8,0,NA,all_persons,2021-12-01,2021-12-31,Q19a2
"Number of Adults with Earned Income (ie.e, Employment Income)",0,0,41,0,4,133,181,5,0.03,NA,all_persons,2022-01-01,2022-01-31,Q19a2
Average Change in Earned Income,0,0,0,0,1368.75,0,0,1515,0,NA,all_persons,2022-01-01,2022-01-31,Q19a2
Number of Adults with Other Income,0,0,35,0,1,143,181,1,0.01,NA,all_persons,2022-01-01,2022-01-31,Q19a2
Average Change in Other Income,0,0,0,0,1160,0,0,1160,0,NA,all_persons,2022-01-01,2022-01-31,Q19a2
"Number of Adults with Any Income (i.e., Total Income)",0,0,70,1,4,101,181,6,0.03,NA,all_persons,2022-01-01,2022-01-31,Q19a2
Average Change in Overall Income,0,0,0,975,1415,0,48,1455.83,0,NA,all_persons,2022-01-01,2022-01-31,Q19a2
"Number of Adults with Earned Income (ie.e, Employment Income)",1,0,23,3,2,113,147,5,0.03,NA,all_persons,2022-02-01,2022-02-28,Q19a2
Average Change in Earned Income,-1388,0,0,1193.67,1362.5,0,0,1261.2,0,NA,all_persons,2022-02-01,2022-02-28,Q19a2
Number of Adults with Other Income,1,0,22,2,2,117,147,4,0.03,NA,all_persons,2022-02-01,2022-02-28,Q19a2
Average Change in Other Income,-2371,0,0,433,1370.5,0,0,901.75,0,NA,all_persons,2022-02-01,2022-02-28,Q19a2
"Number of Adults with Any Income (i.e., Total Income)",1,1,41,6,1,89,147,7,0.05,NA,all_persons,2022-02-01,2022-02-28,Q19a2
Average Change in Overall Income,-1388,-771,0,1245.33,841,0,24,1187.57,0,NA,all_persons,2022-02-01,2022-02-28,Q19a2
"Number of Adults with Earned Income (ie.e, Employment Income)",0,0,31,1,4,158,205,5,0.02,NA,all_persons,2022-03-01,2022-03-31,Q19a2
Average Change in Earned Income,0,0,0,1187,1852,0,0,1719,0,NA,all_persons,2022-03-01,2022-03-31,Q19a2
Number of Adults with Other Income,2,0,31,0,1,168,205,1,0,NA,all_persons,2022-03-01,2022-03-31,Q19a2
Average Change in Other Income,-499.5,0,0,0,2300,0,0,2300,0,NA,all_persons,2022-03-01,2022-03-31,Q19a2
"Number of Adults with Any Income (i.e., Total Income)",1,1,59,1,5,126,205,6,0.03,NA,all_persons,2022-03-01,2022-03-31,Q19a2
Average Change in Overall Income,-750,-249,0,1187,1941.6,0,66,1815.83,0,NA,all_persons,2022-03-01,2022-03-31,Q19a2
"Number of Adults with Earned Income (ie.e, Employment Income)",1,0,44,1,6,155,215,7,0.03,NA,all_persons,2022-04-01,2022-04-30,Q19a2
Average Change in Earned Income,-700,0,0,1722,1811.83,0,0,1799,0,NA,all_persons,2022-04-01,2022-04-30,Q19a2
Number of Adults with Other Income,1,1,45,0,1,165,215,1,0,NA,all_persons,2022-04-01,2022-04-30,Q19a2
Average Change in Other Income,-1985,-16,0,0,841,0,0,841,0,NA,all_persons,2022-04-01,2022-04-30,Q19a2
"Number of Adults with Any Income (i.e., Total Income)",1,2,80,1,6,116,215,7,0.03,NA,all_persons,2022-04-01,2022-04-30,Q19a2
Average Change in Overall Income,-700,-437.5,0,1722,1764.33,0,46,1758.29,0,NA,all_persons,2022-04-01,2022-04-30,Q19a2
"Number of Adults with Earned Income (ie.e, Employment Income)",0,0,37,2,2,139,190,4,0.02,NA,all_persons,2022-05-01,2022-05-31,Q19a2
Average Change in Earned Income,0,0,0,1980,2352.5,0,0,2166.25,0,NA,all_persons,2022-05-01,2022-05-31,Q19a2
Number of Adults with Other Income,0,0,36,0,1,150,190,1,0.01,NA,all_persons,2022-05-01,2022-05-31,Q19a2
Average Change in Other Income,0,0,0,0,1473,0,0,1473,0,NA,all_persons,2022-05-01,2022-05-31,Q19a2
"Number of Adults with Any Income (i.e., Total Income)",0,0,67,2,3,106,190,5,0.03,NA,all_persons,2022-05-01,2022-05-31,Q19a2
Average Change in Overall Income,0,0,0,1980,2059.33,0,73,2027.6,0,NA,all_persons,2022-05-01,2022-05-31,Q19a2
"Number of Adults with Earned Income (ie.e, Employment Income)",0,2,42,2,2,153,209,4,0.02,NA,all_persons,2022-06-01,2022-06-30,Q19a2
Average Change in Earned Income,0,-937.5,0,1600,2298.5,0,0,1949.25,0,NA,all_persons,2022-06-01,2022-06-30,Q19a2
Number of Adults with Other Income,0,0,44,0,0,162,209,0,0,NA,all_persons,2022-06-01,2022-06-30,Q19a2
Average Change in Other Income,0,0,0,0,0,0,0,0,0,NA,all_persons,2022-06-01,2022-06-30,Q19a2
"Number of Adults with Any Income (i.e., Total Income)",0,2,75,2,2,117,209,4,0.02,NA,all_persons,2022-06-01,2022-06-30,Q19a2
Average Change in Overall Income,0,-937.5,0,1600,2298.5,0,28,1949.25,0,NA,all_persons,2022-06-01,2022-06-30,Q19a2
"Number of Adults with Earned Income (ie.e, Employment Income)",0,1,15,1,3,122,144,4,0.03,NA,all_persons,2022-07-01,2022-07-31,Q19a2
Average Change in Earned Income,0,-1292,0,438,1543.33,0,0,1267,0,NA,all_persons,2022-07-01,2022-07-31,Q19a2
Number of Adults with Other Income,0,0,17,0,1,123,144,1,0.01,NA,all_persons,2022-07-01,2022-07-31,Q19a2
Average Change in Other Income,0,0,0,0,841,0,0,841,0,NA,all_persons,2022-07-01,2022-07-31,Q19a2
"Number of Adults with Any Income (i.e., Total Income)",0,1,32,1,4,101,144,5,0.03,NA,all_persons,2022-07-01,2022-07-31,Q19a2
Average Change in Overall Income,0,-1292,0,438,1367.75,0,47,1181.8,0,NA,all_persons,2022-07-01,2022-07-31,Q19a2
"Number of Adults with Earned Income (ie.e, Employment Income)",0,0,16,1,0,128,152,1,0.01,NA,all_persons,2022-08-01,2022-08-31,Q19a2
Average Change in Earned Income,0,0,0,4200,0,0,0,4200,0,NA,all_persons,2022-08-01,2022-08-31,Q19a2
Number of Adults with Other Income,0,0,17,0,1,130,152,1,0.01,NA,all_persons,2022-08-01,2022-08-31,Q19a2
Average Change in Other Income,0,0,0,0,400,0,0,400,0,NA,all_persons,2022-08-01,2022-08-31,Q19a2
"Number of Adults with Any Income (i.e., Total Income)",0,0,29,1,1,111,152,2,0.01,NA,all_persons,2022-08-01,2022-08-31,Q19a2
Average Change in Overall Income,0,0,0,4200,400,0,30,2300,0,NA,all_persons,2022-08-01,2022-08-31,Q19a2
